time,open,high,low,close,volume
1700000000,100.0,101.0,99.0,100.0,1000.0
1700003600,100.0,102.25652108897476,99.0,101.25652108897476,1000.0
1700007200,101.25652108897476,103.49228253503153,100.25652108897476,102.49228253503153,1000.0
1700010800,102.49228253503153,104.68709031226763,101.49228253503153,103.68709031226763,1000.0
1700014400,103.68709031226763,105.82186540402448,102.68709031226763,104.82186540402448,1000.0
1700018000,104.82186540402448,106.8791612131064,103.82186540402448,105.8791612131064,1000.0
1700021600,105.8791612131064,107.84363415441085,104.8791612131064,106.84363415441085,1000.0
1700025200,106.84363415441085,108.70245394355118,105.84363415441085,107.70245394355118,1000.0
1700028800,107.70245394355118,109.44564183282777,106.70245394355118,108.44564183282777,1000.0
1700032400,108.44564183282777,110.0663271221982,107.44564183282777,109.0663271221982,1000.0
1700036000,109.0663271221982,110.5609146278519,108.0663271221982,109.5609146278519,1000.0
1700039600,109.5609146278519,110.92915835671837,108.5609146278519,109.92915835671837,1000.0
1700043200,109.92915835671837,111.17413933776386,108.92915835671837,110.17413933776386,1000.0
1700046800,110.17413933776386,111.30214832234739,109.17413933776386,110.30214832234739,1000.0
1700050400,110.30214832234739,111.32247680660466,109.30214832234739,110.32247680660466,1000.0
1700054000,110.32247680660466,111.32247680660466,109.24712246979901,110.24712246979901,1000.0
1700057600,110.24712246979901,111.24712246979901,109.0904175876833,110.0904175876833,1000.0
1700061200,110.0904175876833,111.0904175876833,108.86859119809553,109.86859119809553,1000.0
1700064800,109.86859119809553,110.86859119809553,108.5992777033159,109.5992777033159,1000.0
1700068400,109.5992777033159,110.5992777033159,108.3009861351633,109.3009861351633,1000.0
1700072000,109.3009861351633,110.3009861351633,107.99254543997164,108.99254543997164,1000.0
1700075600,108.99254543997164,109.99254543997164,107.69254182885518,108.69254182885518,1000.0
1700079200,108.69254182885518,109.69254182885518,107.41876446421287,108.41876446421287,1000.0
1700082800,108.41876446421287,109.41876446421287,107.18767550973932,108.18767550973932,1000.0
1700086400,108.18767550973932,109.18767550973932,107.0139198653393,108.0139198653393,1000.0
1700090000,108.0139198653393,109.0139198653393,106.90988876064154,107.90988876064154,1000.0
1700093600,107.90988876064154,108.90988876064154,106.88534982437484,107.88534982437484,1000.0
1700097200,107.88534982437484,108.94715432658674,106.88534982437484,107.94715432658674,1000.0
1700100800,107.94715432658674,109.09903006192293,106.94715432658674,108.09903006192293,1000.0
1700104400,108.09903006192293,109.34146586921328,107.09903006192293,108.34146586921328,1000.0
1700108000,108.34146586921328,109.67169113672962,107.34146586921328,108.67169113672962,1000.0
1700111600,108.67169113672962,110.08375089998876,107.67169113672962,109.08375089998876,1000.0
1700115200,109.08375089998876,110.5686743789438,108.08375089998876,109.5686743789438,1000.0
1700118800,109.5686743789438,111.11473210342446,108.5686743789438,110.11473210342446,1000.0
1700122400,110.11473210342446,111.70777421754495,109.11473210342446,110.70777421754495,1000.0
1700126000,110.70777421754495,112.3316402092604,109.70777421754495,111.3316402092604,1000.0
1700129600,111.3316402092604,112.96862824792133,110.3316402092604,111.96862824792133,1000.0
1700133200,111.96862824792133,113.60001059005207,110.96862824792133,112.60001059005207,1000.0
1700136800,112.60001059005207,114.2065801813321,111.60001059005207,113.2065801813321,1000.0
1700140400,113.2065801813321,114.76921267931274,112.2065801813321,113.76921267931274,1000.0
1700144000,113.76921267931274,115.26942767281125,112.76921267931274,114.26942767281125,1000.0
1700147600,114.26942767281125,115.68993289313049,113.26942767281125,114.68993289313049,1000.0
1700151200,114.68993289313049,116.01513569871696,113.68993289313049,115.01513569871696,1000.0
1700154800,115.01513569871696,116.23160705457114,114.01513569871696,115.23160705457114,1000.0
1700158400,115.23160705457114,116.32848459358436,114.23160705457114,115.32848459358436,1000.0
1700162000,115.32848459358436,116.32848459358436,114.297803099624,115.297803099624,1000.0
1700165600,115.297803099624,116.297803099624,114.13474284110532,115.13474284110532,1000.0
1700169200,115.13474284110532,116.13474284110532,113.83778854875438,114.83778854875438,1000.0
1700172800,114.83778854875438,115.83778854875438,113.4087944041138,114.4087944041138,1000.0
1700176400,114.4087944041138,115.4087944041138,112.85295311189633,113.85295311189633,1000.0
1700180000,113.85295311189633,114.85295311189633,112.17866989153353,113.17866989153353,1000.0
1700183600,113.17866989153353,114.17866989153353,111.39734496156537,112.39734496156537,1000.0
1700187200,112.39734496156537,113.39734496156537,110.52307072593277,111.52307072593277,1000.0
1700190800,111.52307072593277,112.52307072593277,109.57225232779741,110.57225232779741,1000.0
1700194400,110.57225232779741,111.57225232779741,108.56316244340198,109.56316244340198,1000.0
1700198000,109.56316244340198,110.56316244340198,107.51544308208146,108.51544308208146,1000.0
1700201600,108.51544308208146,109.51544308208146,106.44956868425359,107.44956868425359,1000.0
1700205200,107.44956868425359,108.44956868425359,105.38628592307388,106.38628592307388,1000.0
1700208800,106.38628592307388,107.38628592307388,104.34604628532624,105.34604628532624,1000.0
1700212400,105.34604628532624,106.34604628532624,103.34844771373045,104.34844771373045,1000.0
1700216000,104.34844771373045,105.34844771373045,102.4117013302245,103.4117013302245,1000.0
1700219600,103.4117013302245,104.4117013302245,101.5521385355019,102.5521385355019,1000.0
1700223200,102.5521385355019,103.5521385355019,100.78377261503441,101.78377261503441,1000.0
1700226800,101.78377261503441,102.78377261503441,100.11792740957965,101.11792740957965,1000.0
1700230400,101.11792740957965,102.11792740957965,99.56294367409312,100.56294367409312,1000.0
1700234000,100.56294367409312,101.56294367409312,99.12397150879474,100.12397150879474,1000.0
1700237600,100.12397150879474,101.12397150879474,98.80285476446906,99.80285476446906,1000.0
1700241200,99.80285476446906,100.80285476446906,98.59811067245225,99.59811067245225,1000.0
1700244800,99.59811067245225,100.59811067245225,98.50500520462757,99.50500520462757,1000.0
1700248400,99.50500520462757,100.51572190925484,98.50500520462757,99.51572190925484,1000.0
1700252000,99.51572190925484,100.61961927415567,98.51572190925484,99.61961927415567,1000.0
1700255600,99.61961927415567,100.80356911734299,98.61961927415567,99.80356911734299,1000.0
1700259200,99.80356911734299,101.05236617017414,98.80356911734299,100.05236617017414,1000.0
1700262800,100.05236617017414,101.34919696684176,99.05236617017414,100.34919696684176,1000.0
1700266400,100.34919696684176,101.67615444562955,99.34919696684176,100.67615444562955,1000.0
1700270000,100.67615444562955,102.0147833511011,99.67615444562955,101.0147833511011,1000.0
1700273600,101.0147833511011,102.34664064020484,100.0147833511011,101.34664064020484,1000.0
1700277200,101.34664064020484,102.6538546647091,100.34664064020484,101.6538546647091,1000.0
1700280800,101.6538546647091,102.91966693983913,100.6538546647091,101.91966693983913,1000.0
1700284400,101.91966693983913,103.12894081338588,100.91966693983913,102.12894081338588,1000.0
1700288000,102.12894081338588,103.2686223063467,101.12894081338588,102.2686223063467,1000.0
1700291600,102.2686223063467,103.32813977775054,101.2686223063467,102.32813977775054,1000.0
1700295200,102.32813977775054,103.32813977775054,101.29973083287513,102.29973083287513,1000.0
1700298800,102.29973083287513,103.29973083287513,101.17868699464447,102.17868699464447,1000.0
1700302400,102.17868699464447,103.17868699464447,100.96350903203165,101.96350903203165,1000.0
1700306000,101.96350903203165,102.96350903203165,100.65596841833555,101.65596841833555,1000.0
1700309600,101.65596841833555,102.65596841833555,100.26107310188267,101.26107310188267,1000.0
1700313200,101.26107310188267,102.26107310188267,99.78693853390229,100.78693853390229,1000.0
1700316800,100.78693853390229,101.78693853390229,99.24456763338559,100.24456763338559,1000.0
1700320400,100.24456763338559,101.24456763338559,98.64754599780917,99.64754599780917,1000.0
1700324000,99.64754599780917,100.64754599780917,98.01166111587148,99.01166111587148,1000.0
1700327600,99.01166111587148,100.01166111587148,97.35445653329207,98.35445653329207,1000.0
1700331200,98.35445653329207,99.35445653329207,96.6947338019708,97.6947338019708,1000.0
1700334800,97.6947338019708,98.6947338019708,96.05201655220417,97.05201655220417,1000.0
1700338400,97.05201655220417,98.05201655220417,95.44599212368553,96.44599212368553,1000.0
1700342000,96.44599212368553,97.44599212368553,94.89594684206443,95.89594684206443,1000.0
1700345600,95.89594684206443,96.89594684206443,94.42021121512708,95.42021121512708,1000.0
1700349200,95.42021121512708,96.42021121512708,94.0356310407763,95.0356310407763,1000.0
1700352800,95.0356310407763,96.0356310407763,93.75707967605221,94.75707967605221,1000.0
1700356400,94.75707967605221,95.75707967605221,93.59702553385034,94.59702553385034,1000.0
1700360000,94.59702553385034,95.59702553385034,93.56516728585039,94.56516728585039,1000.0
1700363600,94.56516728585039,95.66814730224,93.56516728585039,94.66814730224,1000.0
1700367200,94.66814730224,95.90935160725353,93.66814730224,94.90935160725353,1000.0
1700370800,94.90935160725353,96.28880213925126,93.90935160725353,95.28880213925126,1000.0
1700374400,95.28880213925126,96.80314444682409,94.28880213925126,95.80314444682409,1000.0
1700378000,95.80314444682409,97.44573120482305,94.80314444682409,96.44573120482305,1000.0
1700381600,96.44573120482305,98.2067991754865,95.44573120482305,97.2067991754865,1000.0
1700385200,97.2067991754865,99.07373454949706,96.2067991754865,98.07373454949706,1000.0
1700388800,98.07373454949706,100.0314190573968,97.07373454949706,99.0314190573968,1000.0
1700392400,99.0314190573968,101.06264691667506,98.0314190573968,100.06264691667506,1000.0
1700396000,100.06264691667506,102.1486006410393,99.06264691667506,101.1486006410393,1000.0
1700399600,101.1486006410393,103.26937204465868,100.1486006410393,102.26937204465868,1000.0
1700403200,102.26937204465868,104.40451347435604,101.26937204465868,103.40451347435604,1000.0
1700406800,103.40451347435604,105.53360343428004,102.40451347435604,104.53360343428004,1000.0
1700410400,104.53360343428004,106.63681035554946,103.53360343428004,105.63681035554946,1000.0
1700414000,105.63681035554946,107.69543831959324,104.63681035554946,106.69543831959324,1000.0
1700417600,106.69543831959324,108.69243906679027,105.69543831959324,107.69243906679027,1000.0
1700421200,107.69243906679027,109.61287559645471,106.69243906679027,108.61287559645471,1000.0
1700424800,108.61287559645471,110.44432406212293,107.61287559645471,109.44432406212293,1000.0
1700428400,109.44432406212293,111.177202447161,108.44432406212293,110.177202447161,1000.0
1700432000,110.177202447161,111.8050166185814,109.177202447161,110.8050166185814,1000.0
1700435600,110.8050166185814,112.32451674070727,109.8050166185814,111.32451674070727,1000.0
1700439200,111.32451674070727,112.7357596162267,110.32451674070727,111.7357596162267,1000.0
1700442800,111.7357596162267,113.04207523568338,110.7357596162267,112.04207523568338,1000.0
1700446400,112.04207523568338,113.24993857931169,111.04207523568338,112.24993857931169,1000.0
1700450000,112.24993857931169,113.36875044769565,111.24993857931169,112.36875044769565,1000.0
1700453600,112.36875044769565,113.4105337212202,111.36875044769565,112.4105337212202,1000.0
1700457200,112.4105337212202,113.4105337212202,111.38955388705755,112.38955388705755,1000.0
1700460800,112.38955388705755,113.38955388705755,111.32187485617422,112.32187485617422,1000.0
1700464400,112.32187485617422,113.32187485617422,111.22486295860091,112.22486295860091,1000.0
1700468000,112.22486295860091,113.22486295860091,111.11665349918184,112.11665349918184,1000.0
1700471600,112.11665349918184,113.11665349918184,111.0155953351453,112.0155953351453,1000.0
1700475200,112.0155953351453,113.0155953351453,110.93968956999917,111.93968956999917,1000.0
1700478800,111.93968956999917,112.93968956999917,110.90603862720043,111.90603862720043,1000.0
1700482400,111.90603862720043,112.93032166691133,110.90603862720043,111.93032166691133,1000.0
1700486000,111.93032166691133,113.02631154858523,110.93032166691133,112.02631154858523,1000.0
1700489600,112.02631154858523,113.20544734306051,111.02631154858523,112.20544734306051,1000.0
1700493200,112.20544734306051,113.47647479484652,111.20544734306051,112.47647479484652,1000.0
1700496800,112.47647479484652,113.8451651745862,111.47647479484652,112.8451651745862,1000.0
1700500400,112.8451651745862,114.3141206998041,111.8451651745862,113.3141206998041,1000.0
1700504000,113.3141206998041,114.88267220421244,112.3141206998041,113.88267220421244,1000.0
1700507600,113.88267220421244,115.54687207407147,112.88267220421244,114.54687207407147,1000.0
1700511200,114.54687207407147,116.2995827211288,113.54687207407147,115.2995827211288,1000.0
1700514800,115.2995827211288,117.13065810475464,114.2995827211288,116.13065810475464,1000.0
1700518400,116.13065810475464,118.02721313053723,115.13065810475464,117.02721313053723,1000.0
1700522000,117.02721313053723,118.97397321623062,116.02721313053723,117.97397321623062,1000.0
1700525600,117.97397321623062,119.95369400168742,116.97397321623062,118.95369400168742,1000.0
1700529200,118.95369400168742,120.9476391539912,117.95369400168742,119.9476391539912,1000.0
1700532800,119.9476391539912,121.93610254082847,118.9476391539912,120.93610254082847,1000.0
1700536400,120.93610254082847,122.89895976259838,119.93610254082847,121.89895976259838,1000.0
1700540000,121.89895976259838,123.81623318383608,120.89895976259838,122.81623318383608,1000.0
1700543600,122.81623318383608,124.66865421173343,121.81623318383608,123.66865421173343,1000.0
1700547200,123.66865421173343,125.43820664521328,122.66865421173343,124.43820664521328,1000.0
1700550800,124.43820664521328,126.108635459977,123.43820664521328,125.108635459977,1000.0
1700554400,125.108635459977,126.66590638758625,124.108635459977,125.66590638758625,1000.0
1700558000,125.66590638758625,127.09860306134686,124.66590638758625,126.09860306134686,1000.0
1700561600,126.09860306134686,127.39825029776166,125.09860306134686,126.39825029776166,1000.0
1700565200,126.39825029776166,127.5595542078383,125.39825029776166,126.5595542078383,1000.0
1700568800,126.5595542078383,127.58055222630982,125.5595542078383,126.58055222630982,1000.0
1700572400,126.58055222630982,127.58055222630982,125.46266873984382,126.46266873984382,1000.0
1700576000,126.46266873984382,127.46266873984382,125.2106747128367,126.2106747128367,1000.0
1700579600,126.2106747128367,127.2106747128367,124.83255247307143,125.83255247307143,1000.0
1700583200,125.83255247307143,126.83255247307143,124.33926954969566,125.33926954969566,1000.0
1700586800,125.33926954969566,126.33926954969566,123.74446807394824,124.74446807394824,1000.0
1700590400,124.74446807394824,125.74446807394824,123.06407868335977,124.06407868335977,1000.0
1700594000,124.06407868335977,125.06407868335977,122.31587004271962,123.31587004271962,1000.0
1700597600,123.31587004271962,124.31587004271962,121.51894694731294,122.51894694731294,1000.0
1700601200,122.51894694731294,123.51894694731294,120.69321145239553,121.69321145239553,1000.0
1700604800,121.69321145239553,122.69321145239553,119.85880253497687,120.85880253497687,1000.0
1700608400,120.85880253497687,121.85880253497687,119.03553040911237,120.03553040911237,1000.0
1700612000,120.03553040911237,121.03553040911237,118.2423217663377,119.2423217663377,1000.0
1700615600,119.2423217663377,120.2423217663377,117.49669189428549,118.49669189428549,1000.0
1700619200,118.49669189428549,119.49669189428549,116.81425884810001,117.81425884810001,1000.0
1700622800,117.81425884810001,118.81425884810001,116.20831363346109,117.20831363346109,1000.0
1700626400,117.20831363346109,118.20831363346109,115.68945874190479,116.68945874190479,1000.0
1700630000,116.68945874190479,117.68945874190479,115.26532540534411,116.26532540534411,1000.0
1700633600,116.26532540534411,117.26532540534411,114.9403776641625,115.9403776641625,1000.0
1700637200,115.9403776641625,116.9403776641625,114.71580883750097,115.71580883750097,1000.0
1700640800,115.71580883750097,116.71580883750097,114.58953331763468,115.58953331763468,1000.0
1700644400,115.58953331763468,116.58953331763468,114.55627385952933,115.55627385952933,1000.0
1700648000,115.55627385952933,116.6077417810912,114.55627385952933,115.6077417810912,1000.0
1700651600,115.6077417810912,116.73290480873139,114.6077417810912,115.73290480873139,1000.0
1700655200,115.73290480873139,116.91833477394935,114.73290480873139,115.91833477394935,1000.0
1700658800,115.91833477394935,117.14862506261892,114.91833477394935,116.14862506261892,1000.0
1700662400,116.14862506261892,117.40686570596297,115.14862506261892,116.40686570596297,1000.0
1700666000,116.40686570596297,117.67516233886059,115.40686570596297,116.67516233886059,1000.0
1700669600,116.67516233886059,117.93518398510314,115.67516233886059,116.93518398510314,1000.0
1700673200,116.93518398510314,118.16872379700595,115.93518398510314,117.16872379700595,1000.0
1700676800,117.16872379700595,118.35825650238485,116.16872379700595,117.35825650238485,1000.0
1700680400,117.35825650238485,118.48747640612123,116.35825650238485,117.48747640612123,1000.0
1700684000,117.48747640612123,118.5418003536468,116.48747640612123,117.5418003536468,1000.0
1700687600,117.5418003536468,118.5418003536468,116.50882107353696,117.50882107353696,1000.0
1700691200,117.50882107353696,118.50882107353696,116.3786977468929,117.3786977468929,1000.0
1700694800,117.3786977468929,118.3786977468929,116.14447246107719,117.14447246107719,1000.0
1700698400,117.14447246107719,118.14447246107719,115.80230334246544,116.80230334246544,1000.0
1700702000,116.80230334246544,117.80230334246544,115.35160756557308,116.35160756557308,1000.0
1700705600,116.35160756557308,117.35160756557308,114.79511003493826,115.79511003493826,1000.0
1700709200,115.79511003493826,116.79511003493826,114.13879625655998,115.13879625655998,1000.0
1700712800,115.13879625655998,116.13879625655998,113.39177067906667,114.39177067906667,1000.0
1700716400,114.39177067906667,115.39177067906667,112.5660245114559,113.5660245114559,1000.0
1700720000,113.5660245114559,114.5660245114559,111.6761196355864,112.6761196355864,1000.0
1700723600,112.6761196355864,113.6761196355864,110.73879765232563,111.73879765232563,1000.0
1700727200,111.73879765232563,112.73879765232563,109.77252526057063,110.77252526057063,1000.0
1700730800,110.77252526057063,111.77252526057063,108.79698900597278,109.79698900597278,1000.0
1700734400,109.79698900597278,110.79698900597278,107.83255389813014,108.83255389813014,1000.0
1700738000,108.83255389813014,109.83255389813014,106.89970143910638,107.89970143910638,1000.0
1700741600,107.89970143910638,108.89970143910638,106.01846320228515,107.01846320228515,1000.0
1700745200,107.01846320228515,108.01846320228515,105.20786623158398,106.20786623158398,1000.0
1700748800,106.20786623158398,107.20786623158398,104.48540619314078,105.48540619314078,1000.0
1700752400,105.48540619314078,106.48540619314078,103.86656341449176,104.86656341449176,1000.0
1700756000,104.86656341449176,105.86656341449176,103.36437571294918,104.36437571294918,1000.0
1700759600,104.36437571294918,105.36437571294918,102.98908028091161,103.98908028091161,1000.0
1700763200,103.98908028091161,104.98908028091161,102.74783490830102,103.74783490830102,1000.0
1700766800,103.74783490830102,104.74783490830102,102.6445265385081,103.6445265385081,1000.0
1700770400,103.6445265385081,104.67967263997951,102.6445265385081,103.67967263997951,1000.0
1700774000,103.67967263997951,104.8504182033716,102.67967263997951,103.8504182033716,1000.0
1700777600,103.8504182033716,105.1506284210609,102.8504182033716,104.1506284210609,1000.0
1700781200,104.1506284210609,105.57107435110221,103.1506284210609,104.57107435110221,1000.0
1700784800,104.57107435110221,106.09970619087406,103.57107435110221,105.09970619087406,1000.0
1700788400,105.09970619087406,106.72200626381118,104.09970619087406,105.72200626381118,1000.0
1700792000,105.72200626381118,107.42141152849196,104.72200626381118,106.42141152849196,1000.0
1700795600,106.42141152849196,108.17979341905423,105.42141152849196,107.17979341905423,1000.0
1700799200,107.17979341905423,108.97798117711768,106.17979341905423,107.97798117711768,1000.0
1700802800,107.97798117711768,109.7963135856171,106.97798117711768,108.7963135856171,1000.0
1700806400,108.7963135856171,110.61520320022309,107.7963135856171,109.61520320022309,1000.0
1700810000,109.61520320022309,111.41569681782018,108.61520320022309,110.41569681782018,1000.0
1700813600,110.41569681782018,112.1800160340895,109.41569681782018,111.1800160340895,1000.0
1700817200,111.1800160340895,112.89206232034586,110.1800160340895,111.89206232034586,1000.0
1700820800,111.89206232034586,113.53787207673216,110.89206232034586,112.53787207673216,1000.0
1700824400,112.53787207673216,114.10600856505754,111.53787207673216,113.10600856505754,1000.0
1700828000,113.10600856505754,114.58787944827826,112.10600856505754,113.58787944827826,1000.0
1700831600,113.58787944827826,114.9779708122708,112.58787944827826,113.9779708122708,1000.0
1700835200,113.9779708122708,115.27399095718202,112.9779708122708,114.27399095718202,1000.0
1700838800,114.27399095718202,115.47691985071984,113.27399095718202,114.47691985071984,1000.0
1700842400,114.47691985071984,115.59096285915817,113.47691985071984,114.59096285915817,1000.0
1700846000,114.59096285915817,115.62341013504366,113.59096285915817,114.62341013504366,1000.0
1700849600,114.62341013504366,115.62341013504366,113.58440576393627,114.58440576393627,1000.0
1700853200,114.58440576393627,115.58440576393627,113.48663337746655,114.48663337746655,1000.0
1700856800,114.48663337746655,115.48663337746655,113.34492735144119,114.34492735144119,1000.0
1700860400,114.34492735144119,115.34492735144119,113.17582085614201,114.17582085614201,1000.0
1700864000,114.17582085614201,115.17582085614201,112.99704384939508,113.99704384939508,1000.0
1700867600,113.99704384939508,114.99704384939508,112.82698554886119,113.82698554886119,1000.0
1700871200,113.82698554886119,114.82698554886119,112.68413694661949,113.68413694661949,1000.0
1700874800,113.68413694661949,114.68413694661949,112.58652950688435,113.58652950688435,1000.0
1700878400,113.58652950688435,114.58652950688435,112.5511862999431,113.5511862999431,1000.0
1700882000,113.5511862999431,114.59360146888989,112.5511862999431,113.59360146888989,1000.0
1700885600,113.59360146888989,114.72726311073302,112.59360146888989,113.72726311073302,1000.0
1700889200,113.72726311073302,114.96323340345823,112.72726311073302,113.96323340345823,1000.0
1700892800,113.96323340345823,115.30979816167708,112.96323340345823,114.30979816167708,1000.0
1700896400,114.30979816167708,115.77219600310875,113.30979816167708,114.77219600310875,1000.0
1700900000,114.77219600310875,116.35243501400961,113.77219600310875,115.35243501400961,1000.0
1700903600,115.35243501400961,117.04920227991221,114.35243501400961,116.04920227991221,1000.0
1700907200,116.04920227991221,117.8578689713647,115.04920227991221,116.8578689713647,1000.0
1700910800,116.8578689713647,118.77059091994609,115.8578689713647,117.77059091994609,1000.0
1700914400,117.77059091994609,119.77650186707395,116.77059091994609,118.77650186707395,1000.0
1700918000,118.77650186707395,120.86199389639064,117.77650186707395,119.86199389639064,1000.0
1700921600,119.86199389639064,122.01107704683109,118.86199389639064,121.01107704683109,1000.0
1700925200,121.01107704683109,123.20580782031708,120.01107704683109,122.20580782031708,1000.0
1700928800,122.20580782031708,124.42677431120993,121.20580782031708,123.42677431120993,1000.0
1700932400,123.42677431120993,125.65362405147177,122.42677431120993,124.65362405147177,1000.0
1700936000,124.65362405147177,126.8656194330193,123.65362405147177,125.8656194330193,1000.0
1700939600,125.8656194330193,128.04220477254046,124.8656194330193,127.04220477254046,1000.0
1700943200,127.04220477254046,129.16356874704007,126.04220477254046,128.16356874704007,1000.0
1700946800,128.16356874704007,130.2111860603059,127.16356874704007,129.2111860603059,1000.0
1700950400,129.2111860603059,131.168322797541,128.2111860603059,130.168322797541,1000.0
1700954000,130.168322797541,132.0204909703831,129.168322797541,131.0204909703831,1000.0
1700957600,131.0204909703831,132.75583921730623,130.0204909703831,131.75583921730623,1000.0
1700961200,131.75583921730623,133.365468462803,130.75583921730623,132.365468462803,1000.0
1700964800,132.365468462803,133.84366349978524,131.365468462803,132.84366349978524,1000.0
1700968400,132.84366349978524,134.18803388101722,131.84366349978524,133.18803388101722,1000.0
1700972000,133.18803388101722,134.39956011730422,132.18803388101722,133.39956011730422,1000.0
1700975600,133.39956011730422,134.48254390730878,132.39956011730422,133.48254390730878,1000.0
1700979200,133.48254390730878,134.48254390730878,132.44446388763438,133.44446388763438,1000.0
1700982800,133.44446388763438,134.44446388763438,132.2957411125339,133.2957411125339,1000.0
1700986400,133.2957411125339,134.2957411125339,132.04942107183095,133.04942107183095,1000.0
1700990000,133.04942107183095,134.04942107183095,131.72078145846248,132.72078145846248,1000.0
1700993600,132.72078145846248,133.72078145846248,131.32687703419117,132.32687703419117,1000.0
1700997200,132.32687703419117,133.32687703419117,130.88603475189143,131.88603475189143,1000.0
1701000800,131.88603475189143,132.88603475189143,130.4173137232149,131.4173137232149,1000.0
1701004400,131.4173137232149,132.4173137232149,129.93994563015752,130.93994563015752,1000.0
1701008000,130.93994563015752,131.93994563015752,129.47277173898166,130.47277173898166,1000.0
1701011600,130.47277173898166,131.47277173898166,129.03369276895899,130.03369276895899,1000.0
1701015200,130.03369276895899,131.03369276895899,128.63914749379393,129.63914749379393,1000.0
1701018800,129.63914749379393,130.63914749379393,128.3036351211689,129.3036351211689,1000.0
1701022400,129.3036351211689,130.3036351211689,128.03929522963816,129.03929522963816,1000.0
1701026000,129.03929522963816,130.03929522963816,127.85555737859428,128.85555737859428,1000.0
1701029600,128.85555737859428,129.85555737859428,127.75887049421638,128.75887049421638,1000.0
1701033200,128.75887049421638,129.75887049421638,127.75251983021798,128.75251983021798,1000.0
1701036800,128.75251983021798,129.83653677328786,127.75251983021798,128.83653677328786,1000.0
1701040400,128.83653677328786,130.00770408227507,127.83653677328786,129.00770408227507,1000.0
1701044000,129.00770408227507,130.2596563947129,128.00770408227507,129.2596563947129,1000.0
1701047600,129.2596563947129,130.58307308365616,128.2596563947129,129.58307308365616,1000.0
1701051200,129.58307308365616,130.9659578813329,128.58307308365616,129.9659578813329,1000.0
1701054800,129.9659578813329,131.39399718067185,128.9659578813329,130.39399718067185,1000.0
1701058400,130.39399718067185,131.85098665360323,129.39399718067185,130.85098665360323,1000.0
1701062000,130.85098665360323,132.3193138516597,129.85098665360323,131.3193138516597,1000.0
1701065600,131.3193138516597,132.78048283672993,130.3193138516597,131.78048283672993,1000.0
1701069200,131.78048283672993,133.21566567448482,130.78048283672993,132.21566567448482,1000.0
1701072800,132.21566567448482,133.6062648450559,131.21566567448482,132.6062648450559,1000.0
1701076400,132.6062648450559,133.93447030743337,131.6062648450559,132.93447030743337,1000.0
1701080000,132.93447030743337,134.1837951049447,131.93447030743337,133.1837951049447,1000.0
1701083600,133.1837951049447,134.33957401473526,132.1837951049447,133.33957401473526,1000.0
1701087200,133.33957401473526,134.38941080666024,132.33957401473526,133.38941080666024,1000.0
1701090800,133.38941080666024,134.38941080666024,132.32356115578222,133.32356115578222,1000.0
1701094400,133.32356115578222,134.32356115578222,132.13524010513504,133.13524010513504,1000.0
1701098000,133.13524010513504,134.13524010513504,131.82084514814875,132.82084514814875,1000.0
1701101600,132.82084514814875,133.82084514814875,131.38008843050727,132.38008843050727,1000.0
1701105200,132.38008843050727,133.38008843050727,130.81603418916305,131.81603418916305,1000.0
1701108800,131.81603418916305,132.81603418916305,130.13504027628895,131.13504027628895,1000.0
1701112400,131.13504027628895,132.13504027628895,129.3466053794067,130.3466053794067,1000.0
1701116000,130.3466053794067,131.3466053794067,128.46312626612274,129.46312626612274,1000.0
1701119600,129.46312626612274,130.46312626612274,127.49957197449416,128.49957197449416,1000.0
1701123200,128.49957197449416,129.49957197449416,126.47308426329754,127.47308426329754,1000.0
1701126800,127.47308426329754,128.47308426329755,125.40251576138579,126.40251576138579,1000.0
1701130400,126.40251576138579,127.40251576138579,124.30791905063346,125.30791905063346,1000.0
1701134000,125.30791905063346,126.30791905063346,123.21000133093226,124.21000133093226,1000.0
1701137600,124.21000133093226,125.21000133093226,122.12956030753973,123.12956030753973,1000.0
1701141200,123.12956030753973,124.12956030753973,121.08691748221601,122.08691748221601,1000.0
1701144800,122.08691748221601,123.08691748221601,120.10136510439875,121.10136510439875,1000.0
1701148400,121.10136510439875,122.10136510439875,119.19064264501598,120.19064264501598,1000.0
1701152000,120.19064264501598,121.19064264501598,118.37045780476122,119.37045780476122,1000.0
1701155600,119.37045780476122,120.37045780476122,117.65406578528902,118.65406578528902,1000.0
1701159200,118.65406578528902,119.65406578528902,117.05191887282668,118.05191887282668,1000.0
1701162800,118.05191887282668,119.05191887282668,116.57139635754284,117.57139635754284,1000.0
1701166400,117.57139635754284,118.57139635754284,116.21662249708119,117.21662249708119,1000.0
1701170000,117.21662249708119,118.21662249708119,115.988377695691,116.988377695691,1000.0
1701173600,116.988377695691,117.988377695691,115.88410538450958,116.88410538450958,1000.0
1701177200,116.88410538450958,117.89801433120016,115.88410538450958,116.89801433120016,1000.0
1701180800,116.89801433120016,118.02127335781952,115.89801433120016,117.02127335781952,1000.0
1701184400,117.02127335781952,118.24229278373814,116.02127335781952,117.24229278373814,1000.0
1701188000,117.24229278373814,118.54708441240604,116.24229278373814,117.54708441240604,1000.0
1701191600,117.54708441240604,118.91968961876489,116.54708441240604,117.91968961876489,1000.0
1701195200,117.91968961876489,119.342663133356,116.91968961876489,118.342663133356,1000.0
1701198800,118.342663133356,119.79759851619185,117.342663133356,118.79759851619185,1000.0
1701202400,118.79759851619185,120.26568011444971,117.79759851619185,119.26568011444971,1000.0
1701206000,119.26568011444971,120.7282455375718,118.26568011444971,119.7282455375718,1000.0
1701209600,119.7282455375718,121.16734238333571,118.7282455375718,120.16734238333571,1000.0
1701213200,120.16734238333571,121.56626311753115,119.16734238333571,120.56626311753115,1000.0
1701216800,120.56626311753115,121.91004264316216,119.56626311753115,120.91004264316216,1000.0
1701220400,120.91004264316216,122.18590417432401,119.91004264316216,121.18590417432401,1000.0
1701224000,121.18590417432401,122.38364052395126,120.18590417432401,121.38364052395126,1000.0
1701227600,121.38364052395126,122.49591978042402,120.38364052395126,121.49591978042402,1000.0
1701231200,121.49591978042402,122.5185065317418,120.49591978042402,121.5185065317418,1000.0
1701234800,121.5185065317418,122.5185065317418,120.45039223466966,121.45039223466966,1000.0
1701238400,121.45039223466966,122.45039223466966,120.29383094960757,121.29383094960757,1000.0
1701242000,121.29383094960757,122.29383094960757,120.05427939428783,121.05427939428783,1000.0
1701245600,121.05427939428783,122.05427939428783,119.74024303198497,120.74024303198497,1000.0
1701249200,120.74024303198497,121.74024303198497,119.36303262306866,120.36303262306866,1000.0
1701252800,120.36303262306866,121.36303262306866,118.93643825421269,119.93643825421269,1000.0
1701256400,119.93643825421269,120.93643825421269,118.47633024284087,119.47633024284087,1000.0
1701260000,119.47633024284087,120.47633024284087,118.00019842672197,119.00019842672197,1000.0
1701263600,119.00019842672197,120.00019842672197,117.52664312911244,118.52664312911244,1000.0
1701267200,118.52664312911244,119.52664312911244,117.07483248714311,118.07483248714311,1000.0
1701270800,118.07483248714311,119.07483248714311,116.66394180496165,117.66394180496165,1000.0
1701274400,117.66394180496165,118.66394180496165,116.31259111538736,117.31259111538736,1000.0
1701278000,117.31259111538736,118.31259111538736,116.03829718944766,117.03829718944766,1000.0
1701281600,117.03829718944766,118.03829718944766,115.85695582052495,116.85695582052495,1000.0
1701285200,116.85695582052495,117.85695582052495,115.78236934084653,116.78236934084653,1000.0
1701288800,116.78236934084653,117.82583302772913,115.78236934084653,116.82583302772913,1000.0
1701292400,116.82583302772913,117.99579236283726,115.82583302772913,116.99579236283726,1000.0
1701296000,116.99579236283726,118.29758106855243,115.99579236283726,117.29758106855243,1000.0
1701299600,117.29758106855243,118.73324752016909,116.29758106855243,117.73324752016909,1000.0
1701303200,117.73324752016909,119.30147458805914,116.73324752016909,118.30147458805914,1000.0
1701306800,118.30147458805914,119.99759527353741,117.30147458805914,118.99759527353741,1000.0
1701310400,118.99759527353741,120.81370374347125,117.99759527353741,119.81370374347125,1000.0
1701314000,119.81370374347125,121.73885862123521,118.81370374347125,120.73885862123521,1000.0
1701317600,120.73885862123521,122.75937273461969,119.73885862123521,121.75937273461969,1000.0
1701321200,121.75937273461969,123.85918103135566,120.75937273461969,122.85918103135566,1000.0
1701324800,122.85918103135566,125.02027612179562,121.85918103135566,124.02027612179562,1000.0
1701328400,124.02027612179562,126.2231989608885,123.02027612179562,125.2231989608885,1000.0
1701332000,125.2231989608885,127.44757059404189,124.2231989608885,126.44757059404189,1000.0
1701335600,126.44757059404189,128.6726497095446,125.44757059404189,127.6726497095446,1000.0
1701339200,127.6726497095446,129.8778999979929,126.6726497095446,128.8778999979929,1000.0
1701342800,128.8778999979929,131.04355103802408,127.8778999979929,130.04355103802408,1000.0
1701346400,130.04355103802408,132.1511366157069,129.04355103802408,131.1511366157069,1000.0
1701350000,131.1511366157069,133.1839950367528,130.1511366157069,132.1839950367528,1000.0
1701353600,132.1839950367528,134.1277170874884,131.1839950367528,133.1277170874884,1000.0
1701357200,133.1277170874884,134.97052881065866,132.1277170874884,133.97052881065866,1000.0
1701360800,133.97052881065866,135.70359814205992,132.97052881065866,134.70359814205992,1000.0
1701364400,134.70359814205992,136.32125664953819,133.70359814205992,135.32125664953819,1000.0
1701368000,135.32125664953819,136.82113006373166,134.32125664953819,135.82113006373166,1000.0
1701371600,135.82113006373166,137.20417391950915,134.82113006373166,136.20417391950915,1000.0
1701375200,136.20417391950915,137.47461336255347,135.20417391950915,136.47461336255347,1000.0
1701378800,136.47461336255347,137.6397889380889,135.47461336255347,136.6397889380889,1000.0
1701382400,136.6397889380889,137.70991288871485,135.6397889380889,136.70991288871485,1000.0
1701386000,136.70991288871485,137.70991288871485,135.6977430675527,136.6977430675527,1000.0
1701389600,136.6977430675527,137.6977430675527,135.61818394708382,136.61818394708382,1000.0
1701393200,136.61818394708382,137.61818394708382,135.48782630470416,136.48782630470416,1000.0
1701396800,136.48782630470416,137.48782630470416,135.3244389325879,136.3244389325879,1000.0
1701400400,136.3244389325879,137.3244389325879,135.14642710101322,136.14642710101322,1000.0
1701404000,136.14642710101322,137.14642710101322,134.97227346102338,135.97227346102338,1000.0
1701407600,135.97227346102338,136.97227346102338,134.81997757660858,135.81997757660858,1000.0
1701411200,135.81997757660858,136.81997757660858,134.70651031395266,135.70651031395266,1000.0
1701414800,135.70651031395266,136.70651031395266,134.64729888463128,135.64729888463128,1000.0
1701418400,135.64729888463128,136.65575745338927,134.64729888463128,135.65575745338927,1000.0
1701422000,135.65575745338927,136.74287690482743,134.65575745338927,135.74287690482743,1000.0
1701425600,135.74287690482743,136.91688565494624,134.74287690482743,135.91688565494624,1000.0
1701429200,135.91688565494624,137.18299134228573,134.91688565494624,136.18299134228573,1000.0
1701432800,136.18299134228573,137.5432108985161,135.18299134228573,136.5432108985161,1000.0
1701436400,136.5432108985161,137.9962939470882,135.5432108985161,136.9962939470882,1000.0
1701440000,136.9962939470882,138.5377417845191,135.9962939470882,137.5377417845191,1000.0
1701443600,137.5377417845191,139.15992143973276,136.5377417845191,138.15992143973276,1000.0
1701447200,138.15992143973276,139.85227156216453,137.15992143973276,138.85227156216453,1000.0
1701450800,138.85227156216453,140.60159423820787,137.85227156216453,139.60159423820787,1000.0
1701454400,139.60159423820787,141.3924243544723,138.60159423820787,140.3924243544723,1000.0
1701458000,140.3924243544723,142.20746588677912,139.3924243544723,141.20746588677912,1000.0
1701461600,141.20746588677912,143.02808256041826,140.20746588677912,142.02808256041826,1000.0
1701465200,142.02808256041826,143.8348287556782,141.02808256041826,142.8348287556782,1000.0
1701468800,142.8348287556782,144.60800536836012,141.8348287556782,143.60800536836012,1000.0
1701472400,143.60800536836012,145.32822461146964,142.60800536836012,144.32822461146964,1000.0
1701476000,144.32822461146964,145.97696748241952,143.32822461146964,144.97696748241952,1000.0
1701479600,144.97696748241952,146.53711782743454,143.97696748241952,145.53711782743454,1000.0
1701483200,145.53711782743454,146.99345760544864,144.53711782743454,145.99345760544864,1000.0
1701486800,145.99345760544864,147.33310906831383,144.99345760544864,146.33310906831383,1000.0
1701490400,146.33310906831383,147.54591110046934,145.33310906831383,146.54591110046934,1000.0
1701494000,146.54591110046934,147.62471885535348,145.54591110046934,146.62471885535348,1000.0
1701497600,146.62471885535348,147.62471885535348,145.56561803318945,146.56561803318945,1000.0
1701501200,146.56561803318945,147.56561803318945,145.36804760169792,146.36804760169792,1000.0
1701504800,146.36804760169792,147.36804760169792,145.03482739697293,146.03482739697293,1000.0
1701508400,146.03482739697293,147.03482739697293,144.5720897802161,145.5720897802161,1000.0
1701512000,145.5720897802161,146.5720897802161,143.9891172883182,144.9891172883182,1000.0
1701515600,144.9891172883182,145.9891172883182,143.2980909227829,144.2980909227829,1000.0
1701519200,144.2980909227829,145.2980909227829,142.51375629417524,143.51375629417524,1000.0
1701522800,143.51375629417524,144.51375629417524,141.6530172039955,142.6530172039955,1000.0
1701526400,142.6530172039955,143.6530172039955,140.73446833444885,141.73446833444885,1000.0
1701530000,141.73446833444885,142.73446833444885,139.77788046880914,140.77788046880914,1000.0
1701533600,140.77788046880914,141.77788046880914,138.80365303043916,139.80365303043916,1000.0
1701537200,139.80365303043916,140.80365303043916,137.8322496676854,138.8322496676854,1000.0
1701540800,138.8322496676854,139.8322496676854,136.883633097735,137.883633097735,1000.0
1701544400,137.883633097735,138.883633097735,135.97671544111287,136.97671544111287,1000.0
1701548000,136.97671544111287,137.97671544111287,135.12883982927244,136.12883982927244,1000.0
1701551600,136.12883982927244,137.12883982927244,134.35530816365593,135.35530816365593,1000.0
1701555200,135.35530816365593,136.35530816365593,133.6689685717428,134.6689685717428,1000.0
1701558800,134.6689685717428,135.6689685717428,133.07987438239104,134.07987438239104,1000.0
1701562400,134.07987438239104,135.07987438239104,132.59502437890634,133.59502437890634,1000.0
1701566000,133.59502437890634,134.59502437890634,132.2181917432404,133.2181917432404,1000.0
1701569600,133.2181917432404,134.2181917432404,131.9498465461477,132.9498465461477,1000.0
1701573200,132.9498465461477,133.9498465461477,131.7871739397802,132.7871739397802,1000.0
1701576800,132.7871739397802,133.7871739397802,131.72418744887216,132.72418744887216,1000.0
1701580400,132.72418744887216,133.75193401395074,131.72418744887216,132.75193401395074,1000.0
1701584000,132.75193401395074,133.85878479397152,131.75193401395074,132.85878479397152,1000.0
1701587600,132.85878479397152,134.0308032627158,131.85878479397152,133.0308032627158,1000.0
1701591200,133.0308032627158,134.25217990449826,132.0308032627158,133.25217990449826,1000.0
1701594800,133.25217990449826,134.50572089447272,132.25217990449826,133.50572089447272,1000.0
1701598400,133.50572089447272,134.7733765924628,132.50572089447272,133.7733765924628,1000.0
1701602000,133.7733765924628,135.03679453163886,132.7733765924628,134.03679453163886,1000.0
1701605600,134.03679453163886,135.27788087761652,133.03679453163886,134.27788087761652,1000.0
1701609200,134.27788087761652,135.47935408999163,133.27788087761652,134.47935408999163,1000.0
1701612800,134.47935408999163,135.6252747439904,133.47935408999163,134.6252747439904,1000.0
1701616400,134.6252747439904,135.70153615827715,133.6252747439904,134.70153615827715,1000.0
1701620000,134.70153615827715,135.70153615827715,133.69630160619238,134.69630160619238,1000.0
1701623600,134.69630160619238,135.69630160619238,133.60037542915927,134.60037542915927,1000.0
1701627200,134.60037542915927,135.60037542915927,133.40749727826463,134.40749727826463,1000.0
1701630800,134.40749727826463,135.40749727826463,133.11455092809126,134.11455092809126,1000.0
1701634400,134.11455092809126,135.11455092809126,132.72168157180369,133.72168157180369,1000.0
1701638000,133.72168157180369,134.72168157180369,132.23231814719753,133.23231814719753,1000.0
1701641600,133.23231814719753,134.23231814719753,131.6530999837755,132.6530999837755,1000.0
1701645200,132.6530999837755,133.6530999837755,130.99370982190027,131.99370982190027,1000.0
1701648800,131.99370982190027,132.99370982190027,130.2666179570874,131.2666179570874,1000.0
1701652400,131.2666179570874,132.2666179570874,129.4867448276335,130.4867448276335,1000.0
1701656000,130.4867448276335,131.4867448276335,128.67105171806796,129.67105171806796,1000.0
1701659600,129.67105171806796,130.67105171806796,127.83807132648215,128.83807132648215,1000.0
1701663200,128.83807132648215,129.83807132648215,127.00739168078661,128.0073916807866,1000.0
1701666800,128.0073916807866,129.0073916807866,126.19910823728385,127.19910823728385,1000.0
1701670400,127.19910823728385,128.19910823728384,125.43325991574325,126.43325991574325,1000.0
1701674000,126.43325991574325,127.43325991574325,124.729265291866,125.729265291866,1000.0
1701677600,125.729265291866,126.729265291866,124.10537516717264,125.10537516717264,1000.0
1701681200,125.10537516717264,126.10537516717264,123.57815726794242,124.57815726794242,1000.0
1701684800,124.57815726794242,125.57815726794242,123.16202790238665,124.16202790238665,1000.0
1701688400,124.16202790238665,125.16202790238665,122.86884405532015,123.86884405532015,1000.0
1701692000,123.86884405532015,124.86884405532015,122.70756766112743,123.70756766112743,1000.0
1701695600,123.70756766112743,124.70756766112743,122.68401171890547,123.68401171890547,1000.0
1701699200,123.68401171890547,124.80067555817398,122.68401171890547,123.80067555817398,1000.0
1701702800,123.80067555817398,125.05667399737857,122.80067555817398,124.05667399737857,1000.0
1701706400,124.05667399737857,125.44776243454183,123.05667399737857,124.44776243454183,1000.0
1701710000,124.44776243454183,125.96645714776155,123.44776243454183,124.96645714776155,1000.0
1701713600,124.96645714776155,126.6022473424185,123.96645714776155,125.6022473424185,1000.0
1701717200,125.6022473424185,127.34189284095191,124.6022473424185,126.34189284095191,1000.0
1701720800,126.34189284095191,128.16979884601824,125.34189284095191,127.16979884601824,1000.0
1701724400,127.16979884601824,129.06845698982673,126.16979884601824,128.06845698982673,1000.0
1701728000,128.06845698982673,130.01893997537866,127.06845698982673,129.01893997537866,1000.0
1701731600,129.01893997537866,131.00143557420083,128.01893997537866,130.00143557420083,1000.0
1701735200,130.00143557420083,131.99580461437571,129.00143557420083,130.99580461437571,1000.0
1701738800,130.99580461437571,132.9821469048267,129.99580461437571,131.9821469048267,1000.0
1701742400,131.9821469048267,133.9413588167324,130.9821469048267,132.9413588167324,1000.0
1701746000,132.9413588167324,134.85566648710565,131.9413588167324,133.85566648710565,1000.0
1701749600,133.85566648710565,135.7091193159283,132.85566648710565,134.7091193159283,1000.0
1701753200,134.7091193159283,136.48802957640785,133.7091193159283,135.48802957640785,1000.0
1701756800,135.48802957640785,137.18134551480938,134.48802957640785,136.18134551480938,1000.0
1701760400,136.18134551480938,137.7809472370188,135.18134551480938,136.7809472370188,1000.0
1701764000,136.7809472370188,138.2818569081297,135.7809472370188,137.2818569081297,1000.0
1701767600,137.2818569081297,138.68235726464118,136.2818569081297,137.68235726464118,1000.0
1701771200,137.68235726464118,138.98401508499413,136.68235726464118,137.98401508499413,1000.0
1701774800,137.98401508499413,139.19160900686353,136.98401508499413,138.19160900686353,1000.0
1701778400,138.19160900686353,139.31296383978386,137.19160900686353,138.31296383978386,1000.0
1701782000,138.31296383978386,139.35869621972842,137.31296383978386,138.35869621972842,1000.0
1701785600,138.35869621972842,139.35869621972842,137.3418790104076,138.3418790104076,1000.0
1701789200,138.3418790104076,139.3418790104076,137.27763420052636,138.27763420052636,1000.0
1701792800,138.27763420052636,139.27763420052636,137.18266610946398,138.18266610946398,1000.0
1701796400,138.18266610946398,139.18266610946398,137.07474843630663,138.07474843630663,1000.0
1701800000,138.07474843630663,139.07474843630663,136.97218001922792,137.97218001922792,1000.0
1701803600,137.97218001922792,138.97218001922792,136.89322507545188,137.89322507545188,1000.0
1701807200,137.89322507545188,138.89322507545188,136.85555414041497,137.85555414041497,1000.0
1701810800,137.85555414041497,138.87570190533205,136.85555414041497,137.87570190533205,1000.0
1701814400,137.87570190533205,138.96855766572648,136.87570190533205,137.96855766572648,1000.0
1701818000,137.96855766572648,139.1469031536355,136.96855766572648,138.1469031536355,1000.0
1701821600,138.1469031536355,139.42101116024253,137.1469031536355,138.42101116024253,1000.0
1701825200,138.42101116024253,139.79831660300135,137.42101116024253,138.79831660300135,1000.0
1701828800,138.79831660300135,140.28316960243203,137.79831660300135,139.28316960243203,1000.0
1701832400,139.28316960243203,140.87667776891016,138.28316960243203,139.87667776891016,1000.0
1701836000,139.87667776891016,141.5766423271211,138.87667776891016,140.5766423271211,1000.0
1701839600,140.5766423271211,142.3775899995815,139.5766423271211,141.3775899995815,1000.0
1701843200,141.3775899995815,143.2708998087638,140.3775899995815,142.2708998087638,1000.0
1701846800,142.2708998087638,144.2450212195329,141.2708998087638,143.2450212195329,1000.0
1701850400,143.2450212195329,145.2857774087402,142.2450212195329,144.2857774087402,1000.0
1701854000,144.2857774087402,146.37674499290068,143.2857774087402,145.37674499290068,1000.0
1701857600,145.37674499290068,147.4996993387042,144.37674499290068,146.4996993387042,1000.0
1701861200,146.4996993387042,148.63511268829407,145.4996993387042,147.63511268829407,1000.0
1701864800,147.63511268829407,149.76269080636408,146.63511268829407,148.76269080636408,1000.0
1701868400,148.76269080636408,150.8619327431417,147.76269080636408,149.8619327431417,1000.0
1701872000,149.8619327431417,151.91269763834,148.8619327431417,150.91269763834,1000.0
1701875600,150.91269763834,152.89576228546403,149.91269763834,151.89576228546403,1000.0
1701879200,151.89576228546403,153.79335343938465,150.89576228546403,152.79335343938465,1000.0
1701882800,152.79335343938465,154.58963957526007,151.79335343938465,153.58963957526007,1000.0
1701886400,153.58963957526007,155.27116797278555,152.58963957526007,154.27116797278555,1000.0
1701890000,154.27116797278555,155.82723457278195,153.27116797278555,154.82723457278195,1000.0
1701893600,154.82723457278195,156.25017598795753,153.82723457278195,155.25017598795753,1000.0
1701897200,155.25017598795753,156.53557529050553,154.25017598795753,155.53557529050553,1000.0
1701900800,155.53557529050553,156.68237568145835,154.53557529050553,155.68237568145835,1000.0
1701904400,155.68237568145835,156.69289879883146,154.68237568145835,155.69289879883146,1000.0
1701908000,155.69289879883146,156.69289879883146,154.5727671671181,155.5727671671181,1000.0
1701911600,155.5727671671181,156.5727671671181,154.3307330504879,155.3307330504879,1000.0
1701915200,155.3307330504879,156.3307330504879,153.97841866654417,154.97841866654417,1000.0
1701918800,154.97841866654417,155.97841866654417,153.52997526903033,154.52997526903033,1000.0
1701922400,154.52997526903033,155.52997526903033,153.00167094289458,154.00167094289458,1000.0
1701926000,154.00167094289458,155.00167094289458,152.4114190063165,153.4114190063165,1000.0
1701929600,153.4114190063165,154.4114190063165,151.77826062253646,152.77826062253646,1000.0
1701933200,152.77826062253646,153.77826062253646,151.12181654037693,152.12181654037693,1000.0
1701936800,152.12181654037693,153.12181654037693,150.46172376826732,151.46172376826732,1000.0
1701940400,151.46172376826732,152.46172376826732,149.81707341685026,150.81707341685026,1000.0
1701944000,150.81707341685026,151.81707341685026,149.2058659074646,150.2058659074646,1000.0
1701947600,150.2058659074646,151.2058659074646,148.6444992390662,149.6444992390662,1000.0
1701951200,149.6444992390662,150.6444992390662,148.14730504902462,149.14730504902462,1000.0
1701954800,149.14730504902462,150.14730504902462,147.72614582132715,148.72614582132715,1000.0
1701958400,148.72614582132715,149.72614582132715,147.39008482888116,148.39008482888116,1000.0
1701962000,148.39008482888116,149.39008482888116,147.1451382957792,148.1451382957792,1000.0
1701965600,148.1451382957792,149.1451382957792,146.99411689116084,147.99411689116084,1000.0
1701969200,147.99411689116084,148.99411689116084,146.93656108712315,147.93656108712315,1000.0
1701972800,147.93656108712315,148.96877220337313,146.93656108712315,147.96877220337313,1000.0
1701976400,147.96877220337313,149.0839381991086,146.96877220337313,148.0839381991086,1000.0
1701980000,148.0839381991086,149.27235053760677,147.0839381991086,148.27235053760677,1000.0
1701983600,148.27235053760677,149.52170582004743,147.27235053760677,148.52170582004743,1000.0
1701987200,148.52170582004743,149.8174834380081,147.52170582004743,148.8174834380081,1000.0
1701990800,148.8174834380081,150.14338829939652,147.8174834380081,149.14338829939652,1000.0
1701994400,149.14338829939652,150.4818458036124,148.14338829939652,149.4818458036124,1000.0
1701998000,149.4818458036124,150.81453473263753,148.4818458036124,149.81453473263753,1000.0
1702001600,149.81453473263753,151.1229426290501,148.81453473263753,150.1229426290501,1000.0
1702005200,150.1229426290501,151.38892758125021,149.1229426290501,150.38892758125021,1000.0
1702008800,150.38892758125021,151.59527014922338,149.38892758125021,150.59527014922338,1000.0
1702012400,150.59527014922338,151.72619944636642,149.59527014922338,150.72619944636642,1000.0
1702016000,150.72619944636642,151.76787813611253,149.72619944636642,150.76787813611253,1000.0
1702019600,150.76787813611253,151.76787813611253,149.7088322849063,150.7088322849063,1000.0
1702023200,150.7088322849063,151.7088322849063,149.54031360139356,150.54031360139356,1000.0
1702026800,150.54031360139356,151.54031360139356,149.25658353971554,150.25658353971554,1000.0
1702030400,150.25658353971554,151.25658353971554,148.85511099637964,149.85511099637964,1000.0
1702034000,149.85511099637964,150.85511099637964,148.33667782040058,149.33667782040058,1000.0
1702037600,149.33667782040058,150.33667782040058,147.70538901347885,148.70538901347885,1000.0
1702041200,148.70538901347885,149.70538901347885,146.9685872443051,147.9685872443051,1000.0
1702044800,147.9685872443051,148.9685872443051,146.13667405944096,147.13667405944096,1000.0
1702048400,147.13667405944096,148.13667405944096,145.22284286310892,146.22284286310892,1000.0
1702052000,146.22284286310892,147.22284286310892,144.2427312820719,145.2427312820719,1000.0
1702055600,145.2427312820719,146.2427312820719,143.21400285626055,144.21400285626055,1000.0
1702059200,144.21400285626055,145.21400285626055,142.1558700338923,143.1558700338923,1000.0
1702062800,143.1558700338923,144.1558700338923,141.08857214276446,142.08857214276446,1000.0
1702066400,142.08857214276446,143.08857214276446,140.03282330838013,141.03282330838013,1000.0
1702070000,141.03282330838013,142.03282330838013,139.00924615713419,140.00924615713419,1000.0
1702073600,140.00924615713419,141.00924615713419,138.0378075539221,139.0378075539221,1000.0
1702077200,139.0378075539221,140.0378075539221,137.13727256639328,138.13727256639328,1000.0
1702080800,138.13727256639328,139.13727256639328,136.32469232428164,137.32469232428164,1000.0
1702084400,137.32469232428164,138.32469232428164,135.6149404669221,136.6149404669221,1000.0
1702088000,136.6149404669221,137.6149404669221,135.0203114733018,136.0203114733018,1000.0
1702091600,136.0203114733018,137.0203114733018,134.55019238713254,135.55019238713254,1000.0
1702095200,135.55019238713254,136.55019238713254,134.2108173358255,135.2108173358255,1000.0
1702098800,135.2108173358255,136.2108173358255,134.0051118578347,135.0051118578347,1000.0
1702102400,135.0051118578347,136.0051118578347,133.93263146634524,134.93263146634524,1000.0
1702106000,134.93263146634524,135.98959616328713,133.93263146634524,134.98959616328713,1000.0
1702109600,134.98959616328713,136.16901985438017,133.98959616328713,135.16901985438017,1000.0
1702113200,135.16901985438017,136.46093088303746,134.16901985438017,135.46093088303746,1000.0
1702116800,135.46093088303746,136.85267727723544,134.46093088303746,135.85267727723544,1000.0
1702120400,135.85267727723544,137.32930786455444,134.85267727723544,136.32930786455444,1000.0
1702124000,136.32930786455444,137.87401822678967,135.32930786455444,136.87401822678967,1000.0
1702127600,136.87401822678967,138.46864859979985,135.87401822678967,137.46864859979985,1000.0
1702131200,137.46864859979985,139.09421933036202,136.46864859979985,138.09421933036202,1000.0
1702134800,138.09421933036202,139.73148842281415,137.09421933036202,138.73148842281415,1000.0
1702138400,138.73148842281415,140.36151507527327,137.73148842281415,139.36151507527327,1000.0
1702142000,139.36151507527327,140.96621293647235,138.36151507527327,139.96621293647235,1000.0
1702145600,139.96621293647235,141.52887711460403,138.96621293647235,140.52887711460403,1000.0
1702149200,140.52887711460403,142.03466973033704,139.52887711460403,141.03466973033704,1000.0
1702152800,141.03466973033704,142.47105000542933,140.03466973033704,141.47105000542933,1000.0
1702156400,141.47105000542933,142.82813648151955,140.47105000542933,141.82813648151955,1000.0
